{"settings":{"migrated":"sr6","addOns":{"particlewave":{"u":true},"mousetrap":{"u":true}},"uSize":[false,true,true,true,true],"title":"Planos","alias":"home-1","type":"carousel","fonts":{"Montserrat":{"name":"Montserrat","normal":{"400":true,"700":true},"subset":{"latin":true}},"Roboto":{"name":"Roboto","normal":{"500":true},"subset":{"latin":true}}},"vPort":["100px","100px","100px","100px","100px"],"size":{"fullHeightOffset":",","contentFH":true,"width":[1240,1240,1024,778,480],"height":[700,700,600,700,550],"cachedHeight":[700,700,600,700,550],"maxWidth":0},"carousel":{"type":"h","align":"center","maxV":1,"justify":false,"scale":false,"minS":50,"vScale":false,"oScale":false,"space":0,"rotation":false,"maxR":0,"varR":false,"opacity":true,"maxO":100,"varO":false,"spin":"off","spinA":0,"snap":true,"infinity":true,"skewX":0,"skewY":0,"ease":"power3.inOut","dur":800,"overshoot":false,"stretch":true,"showAllLayers":"all","jMWidth":true,"bR":0,"bRU":"px","pNV":"50px","pT":0,"pB":0},"pLoader":{"color":"#111827","type":"7"},"slideshow":{"auto":false,"stopAt":1},"shdw":0,"bg":{"color":{"type":"solid","orig":"#f9fafb","string":"rgba(249, 250, 251, 1)"}},"mod":{"use":true,"dOM":true,"t":"mousescroll","sm":5},"nav":{"m":{"cd":1000},"p":{"w":50,"h":100}},"thumb":"assets\/fs1.jpg","aU":["particlewave","mousetrap"],"imgs":[{"lib_id":3186,"lib":"","src":"assets\/voce.png"},{"lib_id":3184,"lib":"","src":"assets\/servidor.png"},{"lib_id":3185,"lib":"","src":"assets\/empresas.png"},{"lib_id":527,"lib":"","src":"assets\/1-pic1.jpg"}],"version":"6.7.18"},"slides":{"1978":{"id":1978,"slide":{"addOns":[],"id":1978,"version":"6.7.18","actions":[{"a":"link","evt":"click","http":"https","target":"_blank","flw":"follow","ltype":"a","link":"https:\/\/mkt.planoclin.com.br\/blackfriday2024","src":[2]},{"a":"link","evt":"click","http":"https","target":"_blank","flw":"follow","ltype":"a","link":"https:\/\/clin.digital\/redirect","src":[3]},{"a":"link","evt":"click","http":"keep","target":"_blank","flw":"follow","ltype":"a","link":"clin.digital\/peconsig","src":[7]},{"a":"link","evt":"click","http":"keep","target":"_blank","flw":"follow","ltype":"a","link":"clin.digital\/pme","src":[10]}],"title":"","parentId":null,"language":"default","order":1,"thumb":{"src":"","srcId":"","admin":"assets\/fs1.jpg","adminId":"","dimension":"slider","default":{"color":"rgba(237, 237, 237, 1)"}},"description":"","attr":{"class":"","data":"","id":"","a":"","aO":"ml","t":"","tO":"","deepLink":"","attr":""},"publish":{"from":"","to":"","state":""},"slideshow":{"stop":false,"len":"default","hal":0,"hom":false,"hfn":false},"loop":{"u":false,"r":-1,"s":0,"e":99999}},"layers":{"0":{"fluid":{"tx":true,"tr":true,"sp":true},"id":0,"alias":"Title","content":{"text":"A solu\u00e7\u00e3o certa para o que voc\u00ea precisa"},"tag":"h2","size":{"w":["330px","330px","315px","662px","432px"],"h":["#a","auto","auto","auto","auto"],"minW":["none","none","none","none","none"],"minH":["none","none","none","none","none"]},"pos":{"x":["195px","195px","82px","57px","23px"],"y":["147px","147px","125px","69px","43px"],"pos":"absolute","float":["none","none","none","none","none"],"clear":["none","none","none","none","none"]},"pE":"none","zIndex":11,"order":11,"display":["block","block","block","block","block"],"vA":"top","bg":{"color":{"orig":"transparent","type":"solid","string":"transparent"}},"attr":{"aO":"ml","tO":"ml"},"tl":{"in":{"content":{"pers":"600px","orig":{"x":"50%","y":"50%","z":"0"},"all":[{"t":0,"d":0,"f":0,"e":"power4.inOut","pE":"d","x":[0,0,0,0,0],"y":["50","50","41","31","19"],"o":0,"xRe":0,"yRe":0,"off":0},{"t":50,"d":1000,"f":1000,"e":"power4.inOut","pE":"d","x":[0,0,0,0,0],"y":[0,0,0,0,0],"o":1,"xRe":0,"yRe":0,"off":0}]}},"out":{"content":{"pers":"600px","orig":{"x":"50%","y":"50%","z":"0"},"all":[{"t":0,"d":300,"f":300,"e":"power3.inOut","pE":"n","x":["inherit","inherit","inherit","inherit","inherit"],"y":["inherit","inherit","inherit","inherit","inherit"],"o":0,"xRe":0,"yRe":0,"off":0}]}}},"p":{"t":[0,0,0,0,0],"b":[0,0,0,0,0],"l":[0,0,0,0,0],"r":[0,0,0,0,0]},"m":{"t":[0,0,0,0,0],"b":[0,0,0,0,0],"l":[0,0,0,0,0],"r":[0,0,0,0,0]},"tA":["left","left","left","center","center"],"color":["#00937f","#00937f","#00937f","#00937f","#00937f"],"font":{"family":"Montserrat","size":["35px","35px","40px","40px","30px"],"weight":["700","700","700","700","700"],"ls":[0,0,0,0,0]},"lh":["40px","40px","33px","45px","35px"],"type":"text","toggle":{"text":""}},"1":{"fluid":{"tx":true,"tr":true,"sp":true},"id":1,"alias":"Description","content":{"text":"Escolha a op\u00e7\u00e3o que mais combina com suas necessidades."},"tag":"p","size":{"w":["365px","365px","300px","501px","298px"],"h":["82px","82px","127px","36px","auto"],"maxW":["480px","480px","none","none","none"],"minW":["none","none","none","none","none"],"minH":["none","none","none","none","none"]},"pos":{"x":["194px","194px","80px","149px","94px"],"y":["263px","263px","259px","154px","107px"],"pos":"absolute","float":["none","none","none","none","none"],"clear":["none","none","none","none","none"]},"pE":"none","zIndex":10,"order":10,"display":["block","block","block","block","block"],"vA":"top","bg":{"color":{"orig":"transparent","type":"solid","string":"transparent"}},"attr":{"aO":"ml","tO":"ml"},"tl":{"in":{"content":{"pers":"600px","orig":{"x":"50%","y":"50%","z":"0"},"all":[{"t":0,"d":0,"f":0,"e":"power4.inOut","pE":"d","x":[0,0,0,0,0],"y":["50","50","50","50","50"],"o":0,"xRe":0,"yRe":0,"off":0},{"t":100,"d":1000,"f":1000,"e":"power4.inOut","pE":"d","x":[0,0,0,0,0],"y":[0,0,0,0,0],"o":1,"xRe":0,"yRe":0,"off":0}]}},"out":{"content":{"pers":"600px","orig":{"x":"50%","y":"50%","z":"0"},"all":[{"t":0,"d":300,"f":300,"e":"power3.inOut","pE":"n","x":["inherit","inherit","inherit","inherit","inherit"],"y":["inherit","inherit","inherit","inherit","inherit"],"o":0,"xRe":0,"yRe":0,"off":0}]}}},"p":{"t":[0,0,0,0,0],"b":[0,0,0,0,0],"l":[0,0,0,0,0],"r":[0,0,0,0,0]},"m":{"t":[30,30,25,25,20],"b":[0,0,0,0,0],"l":[0,0,0,0,0],"r":[0,0,0,0,0]},"tA":["left","left","left","left","center"],"color":["#111827","#111827","#111827","#111827","#111827"],"font":{"family":"Montserrat","size":["15px","15px","16px","16px","14px"],"weight":[400,400,400,400,400],"ls":[0,0,0,0,0]},"lh":["28px","28px","24px","24px","22px"],"type":"text","toggle":{"text":""}},"2":{"rTo":"slide","listen":["click"],"fluid":{"tx":true,"tr":true,"sp":true},"id":2,"alias":"Copy  image-shape","size":{"w":["225","225","185","174","120"],"h":["491px","491px","405px","381px","263px"],"minW":["none","none","none","none","none"],"minH":["none","none","none","none","none"]},"pos":{"x":["-242px","-242px","-199px","-187px","-129px"],"y":["1px","1px","auto","auto","auto"],"h":["center","center","center","center","center"],"v":["middle","middle","middle","middle","middle"],"pos":"absolute","float":["left","left","none","none","none"],"clear":["none","none","none","none","none"]},"pid":"5","pE":"none","zIndex":8,"order":7,"display":"inline-block","vA":"top","bg":{"color":{"orig":"transparent","type":"solid","string":"transparent"},"image":{"ratio":1,"src":"assets\/voce.png","lib":"","lib_id":3186,"lib_size":"full","fromStream":false,"streamType":"gallery","pos":{"x":"50%","y":"50%"},"repeat":"no-repeat","size":"cover","sizeVal":0,"seo":false}},"attr":{"aO":"ml","tO":"ml"},"tl":{"in":{"content":{"pers":"600px","orig":{"x":"50%","y":"50%","z":"0"},"all":[{"t":0,"d":0,"f":0,"e":"power4.inOut","pE":"d","x":["150px","150px","123px","115px","78px"],"y":["(0px)","(0px)","(0px)","(0px)","(0px)"],"o":0,"xRe":0,"yRe":0,"off":1},{"t":0,"d":1000,"f":1000,"e":"power4.inOut","pE":"d","x":["0px","0px","0px","0px","0px"],"y":["0px","0px","0px","0px","0px"],"o":1,"xRe":0,"yRe":0,"off":1}]}},"out":{"content":{"pers":"600px","orig":{"x":"50%","y":"50%","z":"0"},"all":[{"t":0,"d":1000,"f":1000,"e":"power2.inOut","pE":"n","x":["0px","0px","0px","0px","0px"],"y":["(top)","(top)","(top)","(top)","(top)"],"o":"1","xRe":0,"yRe":1,"off":1}]}}},"p":{"t":[0,0,0,0,0],"b":[0,0,0,0,0],"l":[0,0,0,0,0],"r":[0,0,0,0,0]},"m":{"t":[0,0,0,0,0],"b":[0,0,0,0,0],"l":[0,0,0,0,0],"r":[0,0,0,0,0]},"radius":{"t":"10px","r":"10px","b":"10px","l":"10px"},"mod":{"s":{"u":true,"x":0,"y":"2","s":0,"e":"power3.out","ut":false,"rX":0,"rY":0,"rZ":0,"sc":1},"m":{"u":true,"x":"2","y":0,"s":3,"e":"power3.out","o":"c"},"mask":false},"tag":"a","target":"_blank","href":"https:\/\/mkt.planoclin.com.br\/blackfriday2024","rel":"noopener","type":"shape"},"3":{"listen":["click"],"fluid":{"tx":true,"tr":true,"sp":true},"id":3,"alias":"Button-3","subtype":"button","content":{"text":"Conhecer os planos"},"size":{"w":["#a","auto","auto","auto","auto"],"h":["#a","auto","auto","auto","auto"],"minW":["none","none","none","none","none"],"minH":["0px","0px","none","none","none"]},"pos":{"x":["191px","191px","79px","269px","148px"],"y":["357px","357px","348px","227px","191px"],"pos":"absolute","float":["none","none","none","none","none"],"clear":["none","none","none","none","none"]},"zIndex":9,"order":9,"display":["block","block","block","block","block"],"vA":"top","bg":{"color":{"type":"solid","orig":"#00937f","string":"rgba(0, 147, 127, 1)"}},"attr":{"aO":"ml","tO":"ml","iClass":"sr7-btn"},"tl":{"in":{"content":{"pers":"600px","orig":{"x":"50%","y":"50%","z":"0"},"all":[{"t":0,"d":0,"f":0,"e":"power3.inOut","pE":"d","x":[0,0,0,"0px","0px"],"y":[0,0,0,"0px","0px"],"o":0,"xRe":0,"yRe":0,"off":0},{"t":0,"d":300,"f":300,"e":"power3.inOut","pE":"d","x":[0,0,0,"0px","0px"],"y":[0,0,0,"0px","0px"],"o":1,"xRe":0,"yRe":0,"off":0}]}},"out":{"content":{"pers":"600px","orig":{"x":"50%","y":"50%","z":"0"},"all":[{"t":0,"d":300,"f":300,"e":"power3.inOut","pE":"n","x":["inherit","inherit","inherit","inherit","inherit"],"y":["inherit","inherit","inherit","inherit","inherit"],"o":0,"xRe":0,"yRe":0,"off":0}]}}},"p":{"t":[0,0,0,0,0],"b":[0,0,0,0,0],"l":[40,40,33,36,33],"r":[40,40,33,36,33]},"m":{"t":[0,0,0,0,0],"b":[0,0,0,0,0],"l":[0,0,0,0,0],"r":[0,0,0,0,0]},"hov":{"u":true,"m":false,"deco":"none","zIndex":"auto","color":{"c":"#ffffff","bg":{"type":"solid","orig":"#007aff","string":"rgba(0, 122, 255, 1)"},"gAnim":"fading"},"border":{"c":"transparent","s":"none","w":{"t":[0,0,0,0,0],"r":[0,0,0,0,0],"b":[0,0,0,0,0],"l":[0,0,0,0,0]}},"radius":{"t":"5px","r":"3px","b":"3px","l":"3px"},"frame":{"o":1,"oX":"50%","oY":"50%","oZ":"50%","x":"inherit","y":"inherit","z":"inherit","rZ":"inherit","rX":"inherit","rY":"inherit","sX":"inherit","sY":"inherit","skX":0,"skY":0,"d":100,"e":"power1.inOut"},"filter":{"g":0,"r":"120%","b":0},"svg":{"c":"#ffffff","stroke":{"c":"transparent","d":0,"o":0,"w":0}}},"radius":{"t":"5px","r":"3px","b":"3px","l":"3px"},"color":["#ffffff","#ffffff","#ffffff","#ffffff","#ffffff"],"font":{"size":["18","18","14","15","13"],"weight":["500","500","500","500","500"],"ls":[0,0,0,0,0]},"lh":["50","50","41","45","40"],"tag":"a","target":"_blank","href":"https:\/\/clin.digital\/redirect","rel":"noopener","type":"text","toggle":{"text":""}},"5":{"rTo":"slide","fluid":{"tx":true,"tr":true,"sp":true},"id":5,"alias":"Images","subtype":"group","size":{"w":["45%","45%","45%","50%","50%"],"h":["80%","80%","80%","50%","50%"],"minW":["none","none","none","none","none"],"minH":["none","none","none","none","none"]},"pos":{"x":["310px","310px","172px","208px","122px"],"y":["1px","1px","-8px","30px","12px"],"h":["center","center","center","right","right"],"v":["middle","middle","middle","bottom","bottom"],"pos":"absolute","float":["none","none","none","none","none"],"clear":["none","none","none","none","none"]},"pE":"none","zIndex":8,"order":8,"display":["block","block","block","block","block"],"vA":"top","bg":{"color":{"orig":"transparent","type":"solid","string":"transparent"}},"attr":{"aO":"ml","tO":"ml"},"tl":{"in":{"content":{"pers":"600px","orig":{"x":"50%","y":"50%","z":"0"},"all":[{"t":0,"d":0,"f":0,"e":"power3.inOut","pE":"d","x":[0,0,0,"0px","0px"],"y":[0,0,0,"0px","0px"],"o":1,"xRe":0,"yRe":0,"off":0},{"t":0,"d":300,"f":300,"e":"power3.inOut","pE":"d","x":[0,0,0,"0px","0px"],"y":[0,0,0,"0px","0px"],"o":1,"xRe":0,"yRe":0,"off":0}]}},"out":{"content":{"pers":"600px","orig":{"x":"50%","y":"50%","z":"0"},"all":[{"t":0,"d":300,"f":300,"e":"power3.inOut","pE":"n","x":["inherit","inherit","inherit","inherit","inherit"],"y":["inherit","inherit","inherit","inherit","inherit"],"o":0,"xRe":0,"yRe":0,"off":0}]}}},"p":{"t":[0,0,0,0,0],"b":[0,0,0,0,0],"l":[0,0,0,0,0],"r":[0,0,0,0,0]},"m":{"t":[0,0,0,0,0],"b":[0,0,0,0,0],"l":[0,0,0,0,0],"r":[0,0,0,0,0]},"lh":["#a",25,"20","15","9"],"type":"container","content":{"text":""},"toggle":{"text":""}},"7":{"rTo":"slide","listen":["click"],"fluid":{"tx":true,"tr":true,"sp":true},"id":7,"alias":"Copy  image-shape","size":{"w":["225","225","185","174","120"],"h":["491px","491px","405px","381px","263px"],"minW":["none","none","none","none","none"],"minH":["none","none","none","none","none"]},"pos":{"x":["250px","250px","206px","193px","133px"],"y":["-1px","-1px","auto","auto","auto"],"h":["center","center","center","center","center"],"v":["middle","middle","middle","middle","middle"],"pos":"absolute","float":["left","left","none","none","none"],"clear":["none","none","none","none","none"]},"pid":"5","pE":"none","zIndex":9,"order":6,"display":"inline-block","vA":"top","bg":{"color":{"orig":"transparent","type":"solid","string":"transparent"},"image":{"ratio":1,"src":"assets\/servidor.png","lib":"","lib_id":3184,"lib_size":"full","fromStream":false,"streamType":"gallery","pos":{"x":"50%","y":"50%"},"repeat":"no-repeat","size":"cover","sizeVal":0,"seo":false}},"attr":{"aO":"ml","tO":"ml"},"tl":{"in":{"content":{"pers":"600px","orig":{"x":"50%","y":"50%","z":"0"},"all":[{"t":0,"d":0,"f":0,"e":"power4.inOut","pE":"d","x":["150px","150px","123px","115px","78px"],"y":["(0px)","(0px)","(0px)","(0px)","(0px)"],"o":0,"xRe":0,"yRe":0,"off":1},{"t":0,"d":1000,"f":1000,"e":"power4.inOut","pE":"d","x":["0px","0px","0px","0px","0px"],"y":["0px","0px","0px","0px","0px"],"o":1,"xRe":0,"yRe":0,"off":1}]}},"out":{"content":{"pers":"600px","orig":{"x":"50%","y":"50%","z":"0"},"all":[{"t":0,"d":1000,"f":1000,"e":"power2.inOut","pE":"n","x":["0px","0px","0px","0px","0px"],"y":["(top)","(top)","(top)","(top)","(top)"],"o":"1","xRe":0,"yRe":1,"off":1}]}}},"p":{"t":[0,0,0,0,0],"b":[0,0,0,0,0],"l":[0,0,0,0,0],"r":[0,0,0,0,0]},"m":{"t":[0,0,0,0,0],"b":[0,0,0,0,0],"l":[0,0,0,0,0],"r":[0,0,0,0,0]},"radius":{"t":"10px","r":"10px","b":"10px","l":"10px"},"mod":{"s":{"u":true,"x":0,"y":"2","s":0,"e":"power3.out","ut":false,"rX":0,"rY":0,"rZ":0,"sc":1},"m":{"u":true,"x":"2","y":0,"s":3,"e":"power3.out","o":"c"},"mask":false},"tag":"a","target":"_blank","href":"clin.digital\/peconsig","rel":"noopener","type":"shape"},"10":{"rTo":"slide","listen":["click"],"fluid":{"tx":true,"tr":true,"sp":true},"id":10,"alias":"Image-shape","size":{"w":["225","225","185","174","120"],"h":["491px","491px","405px","381px","263px"],"minW":["none","none","none","none","none"],"minH":["none","none","none","none","none"]},"pos":{"x":["6px","6px","4px","4px","2px"],"y":["auto","auto","auto","auto","auto"],"h":["center","center","center","center","center"],"v":["middle","middle","middle","middle","middle"],"pos":"absolute","float":["left","left","none","none","none"],"clear":["none","none","none","none","none"]},"pid":"5","pE":"none","zIndex":7,"order":8,"display":"inline-block","vA":"top","bg":{"color":{"orig":"transparent","type":"solid","string":"transparent"},"image":{"ratio":1,"src":"assets\/empresas.png","lib":"","lib_id":3185,"lib_size":"full","fromStream":false,"streamType":"gallery","pos":{"x":"50%","y":"50%"},"repeat":"no-repeat","size":"cover","sizeVal":0,"seo":false}},"attr":{"aO":"ml","tO":"ml"},"tl":{"in":{"content":{"pers":"600px","orig":{"x":"50%","y":"50%","z":"0"},"all":[{"t":0,"d":0,"f":0,"e":"power4.inOut","pE":"d","x":["150px","150px","123px","115px","78px"],"y":["(0px)","(0px)","(0px)","(0px)","(0px)"],"o":0,"xRe":0,"yRe":0,"off":1},{"t":0,"d":1000,"f":1000,"e":"power4.inOut","pE":"d","x":["0px","0px","0px","0px","0px"],"y":["0px","0px","0px","0px","0px"],"o":1,"xRe":0,"yRe":0,"off":1}]}},"out":{"content":{"pers":"600px","orig":{"x":"50%","y":"50%","z":"0"},"all":[{"t":0,"d":1000,"f":1000,"e":"power2.inOut","pE":"n","x":["0px","0px","0px","0px","0px"],"y":["(top)","(top)","(top)","(top)","(top)"],"o":"1","xRe":0,"yRe":1,"off":1}]}}},"p":{"t":[0,0,0,0,0],"b":[0,0,0,0,0],"l":[0,0,0,0,0],"r":[0,0,0,0,0]},"m":{"t":[0,0,0,0,0],"b":[0,0,0,0,0],"l":[0,0,0,0,0],"r":[0,0,0,0,0]},"radius":{"t":"10px","r":"10px","b":"10px","l":"10px"},"mod":{"s":{"u":true,"x":0,"y":"2","s":0,"e":"power3.out","ut":false,"rX":0,"rY":0,"rZ":0,"sc":1},"m":{"u":true,"x":"2","y":0,"s":3,"e":"power3.out","o":"c"},"mask":false},"tag":"a","target":"_blank","href":"clin.digital\/pme","rel":"noopener","type":"shape"},"11":{"addOns":{"mousetrap":{"u":true,"center":true,"follow":{"bx":false,"by":true,"d":1,"e":"power2.out","mode":"slider","olayer":[99999,99999,99999,99999,99999],"pointer":false,"r":["0","0","0","0","0"]},"offset":{"x":["-400px","-400px","-330px","-250px","-154px"],"y":["-400px","-400px","-330px","-250px","-154px"]},"revert":{"u":false,"e":"none","s":0},"rules":{"e":"none","s":0.40000000000000002,"op":{"min":0,"max":0,"a":"none","c":"distance","o":"0%"},"rx":{"min":0,"max":0,"a":"none","c":"distance","o":"0%"},"ry":{"min":0,"max":0,"a":"none","c":"distance","o":"0%"},"rz":{"min":0,"max":0,"a":"none","c":"distance","o":"0%"},"sx":{"min":0,"max":0,"a":"none","c":"distance","o":"0%"},"sy":{"min":0,"max":0,"a":"none","c":"distance","o":"0%"}}}},"rTo":"slide","fluid":{"tx":true,"tr":true,"sp":true},"id":11,"alias":"Copy radial blur 2","size":{"w":["1500px","1500px","1238px","940px","579px"],"h":["1500","1500","1238","940","579"],"minW":["none","none","none","none","none"],"minH":["none","none","none","none","none"],"sProp":true},"pos":{"x":["150px","150px","123px","93px","57px"],"y":["-300px","-300px","-247px","-187px","-115px"],"h":["right","right","right","right","right"],"v":["bottom","bottom","bottom","bottom","bottom"],"pos":"absolute","float":["none","none","none","none","none"],"clear":["none","none","none","none","none"]},"display":["block","block","block","block","block"],"vA":"top","bg":{"color":{"type":"radial","angle":"0","easing":"none","strength":100,"orig":[{"rgba":"rgba(9,203,71,0.8)","p":0,"align":"bottom"},{"rgba":"rgba(99,207,45,0)","p":37,"align":"top"},{"rgba":"rgba(252,214,0,0)","p":100,"align":"bottom"}],"string":"radial-gradient(circle,rgba(9,203,71,0.8) 0%,rgba(99,207,45,0) 37%,rgba(252,214,0,0) 100%)"}},"attr":{"aO":"ml","tO":"ml"},"tl":{"in":{"content":{"pers":"600px","orig":{"x":"50%","y":"50%","z":"0"},"all":[{"t":0,"d":0,"f":0,"e":"power2.inOut","pE":"d","x":["(-100%)","(-100%)","(-100%)","(-100%)","(-100%)"],"y":[0,0,0,0,0],"sX":"2","sY":"2","o":0,"xRe":0,"yRe":0,"off":0},{"t":0,"d":1000,"f":1000,"e":"power2.inOut","pE":"d","x":[0,0,0,0,0],"y":[0,0,0,0,0],"sX":1,"sY":1,"o":1,"xRe":0,"yRe":0,"off":0}]}},"out":{"content":{"pers":"600px","orig":{"x":"50%","y":"50%","z":"0"},"all":[{"t":0,"d":700,"f":700,"e":"power2.inOut","pE":"n","x":["(100%)","(100%)","(100%)","(100%)","(100%)"],"y":["inherit","inherit","inherit","inherit","inherit"],"sX":"2","sY":"2","o":0,"xRe":0,"yRe":0,"off":0}]}}},"p":{"t":[0,0,0,0,0],"b":[0,0,0,0,0],"l":[0,0,0,0,0],"r":[0,0,0,0,0]},"m":{"t":[0,0,0,0,0],"b":[0,0,0,0,0],"l":[0,0,0,0,0],"r":[0,0,0,0,0]},"radius":{"t":"0%","r":"0%","b":"0%","l":"0%"},"mod":{"s":{"u":true,"x":0,"y":"-1","s":0,"e":"power3.out","ut":false,"rX":0,"rY":0,"rZ":0,"sc":1},"m":{"u":true,"x":"-1","y":0,"s":3,"e":"power3.out","o":"c"},"mask":false},"type":"shape"},"12":{"addOns":{"mousetrap":{"u":true,"center":true,"follow":{"bx":false,"by":true,"d":0.80000000000000004,"e":"power2.out","mode":"slider","olayer":[99999,99999,99999,99999,99999],"pointer":false,"r":["0","0","0","0","0"]},"offset":{"x":["300px","300px","247px","187px","115px"],"y":["300px","300px","247px","187px","115px"]},"revert":{"u":false,"e":"none","s":0},"rules":{"e":"none","s":0.40000000000000002,"op":{"min":0,"max":0,"a":"none","c":"distance","o":"0%"},"rx":{"min":0,"max":0,"a":"none","c":"distance","o":"0%"},"ry":{"min":0,"max":0,"a":"none","c":"distance","o":"0%"},"rz":{"min":0,"max":0,"a":"none","c":"distance","o":"0%"},"sx":{"min":0,"max":0,"a":"none","c":"distance","o":"0%"},"sy":{"min":0,"max":0,"a":"none","c":"distance","o":"0%"}}}},"rTo":"slide","fluid":{"tx":true,"tr":true,"sp":true},"id":12,"alias":"Copy radial blur 1","size":{"w":["1500px","1500px","1238px","940px","579px"],"h":["1500","1500","1238","940","579"],"minW":["none","none","none","none","none"],"minH":["none","none","none","none","none"],"sProp":true},"pos":{"x":["-300px","-300px","-247px","-187px","-115px"],"y":["-297px","-297px","-245px","-186px","-114px"],"h":["right","right","right","right","right"],"pos":"absolute","float":["none","none","none","none","none"],"clear":["none","none","none","none","none"]},"zIndex":6,"order":6,"display":["block","block","block","block","block"],"vA":"top","bg":{"color":{"type":"radial","angle":"0","easing":"none","strength":100,"orig":[{"rgba":"rgba(171,228,242,0.8)","p":0,"align":"bottom"},{"rgba":"rgba(67,244,193,0)","p":61,"align":"top"},{"rgba":"rgba(0,255,161,0)","p":100,"align":"bottom"}],"string":"radial-gradient(circle,rgba(171,228,242,0.8) 0%,rgba(67,244,193,0) 61%,rgba(0,255,161,0) 100%)"}},"attr":{"aO":"ml","tO":"ml"},"tl":{"in":{"content":{"pers":"600px","orig":{"x":"50%","y":"50%","z":"0"},"all":[{"t":0,"d":0,"f":0,"e":"power2.inOut","pE":"d","x":["(-100%)","(-100%)","(-100%)","(-100%)","(-100%)"],"y":[0,0,0,0,0],"sX":"2","sY":"2","o":0,"xRe":0,"yRe":0,"off":0},{"t":0,"d":1000,"f":1000,"e":"power2.inOut","pE":"d","x":[0,0,0,0,0],"y":[0,0,0,0,0],"sX":1,"sY":1,"o":1,"xRe":0,"yRe":0,"off":0}]}},"out":{"content":{"pers":"600px","orig":{"x":"50%","y":"50%","z":"0"},"all":[{"t":0,"d":700,"f":700,"e":"power2.inOut","pE":"n","x":["(100%)","(100%)","(100%)","(100%)","(100%)"],"y":["inherit","inherit","inherit","inherit","inherit"],"sX":"2","sY":"2","o":0,"xRe":0,"yRe":0,"off":0}]}}},"p":{"t":[0,0,0,0,0],"b":[0,0,0,0,0],"l":[0,0,0,0,0],"r":[0,0,0,0,0]},"m":{"t":[0,0,0,0,0],"b":[0,0,0,0,0],"l":[0,0,0,0,0],"r":[0,0,0,0,0]},"radius":{"t":"0%","r":"0%","b":"0%","l":"0%"},"mod":{"s":{"u":true,"x":0,"y":"-2","s":0,"e":"power3.out","ut":false,"rX":0,"rY":0,"rZ":0,"sc":1},"m":{"u":true,"x":"-2","y":0,"s":3,"e":"power3.out","o":"c"},"mask":false},"type":"shape"},"16":{"rTo":"slide","fluid":{"tx":true,"tr":true,"sp":true},"id":16,"alias":"Blur-image-shape","size":{"w":["253px","253px","208px","196px","134px"],"h":["242px","242px","199px","187px","129px"],"minW":["none","none","none","none","none"],"minH":["none","none","none","none","none"]},"pos":{"x":["-213px","-213px","-175px","-164px","-113px"],"y":["54px","54px","44px","41px","28px"],"h":["center","center","center","center","center"],"v":["middle","middle","middle","middle","middle"],"pos":"absolute","float":["left","left","none","none","none"],"clear":["none","none","none","none","none"]},"pid":"5","pE":"none","zIndex":6,"order":9,"display":"inline-block","vA":"top","bg":{"color":{"orig":"transparent","type":"solid","string":"transparent"},"image":{"ratio":1,"src":"assets\/1-pic1.jpg","lib":"","lib_id":527,"lib_size":"full","fromStream":false,"streamType":"gallery","pos":{"x":"50%","y":"50%"},"repeat":"no-repeat","size":"cover","sizeVal":0,"seo":false}},"attr":{"aO":"ml","tO":"ml"},"tl":{"in":{"content":{"pers":"600px","orig":{"x":"50%","y":"50%","z":"0"},"all":[{"t":0,"d":0,"f":0,"e":"power4.inOut","pE":"d","x":["200px","200px","165px","155px","106px"],"y":["(0px)","(0px)","(0px)","(0px)","(0px)"],"o":0,"xRe":0,"yRe":0,"off":1},{"t":0,"d":1000,"f":1000,"e":"power4.inOut","pE":"d","x":[0,0,0,"0px","0px"],"y":[0,0,0,"0px","0px"],"o":1,"xRe":0,"yRe":0,"off":1}]},"filter":{"all":[{"t":0,"d":0,"f":0,"e":"power4.inOut","fu":true,"b":"30px","g":0,"r":"115%","bu":false,"bb":0,"bg":0,"br":100,"bs":0,"bi":0},{"t":0,"d":1000,"f":1000,"e":"power4.inOut","fu":true,"b":"30px","g":0,"r":"115%","bu":false,"bb":0,"bg":0,"br":100,"bs":0,"bi":0}]}},"out":{"content":{"pers":"600px","orig":{"x":"50%","y":"50%","z":"0"},"all":[{"t":0,"d":1000,"f":1000,"e":"power2.inOut","pE":"n","x":["0px","0px","0px","0px","0px"],"y":["(top)","(top)","(top)","(top)","(top)"],"o":"1","xRe":0,"yRe":1,"off":1}]},"filter":{"all":[{"t":0,"d":"1000","f":"1000","e":"power2.inOut","fu":false,"bu":false,"bb":0,"bg":0,"br":100,"bs":0,"bi":0}]}}},"p":{"t":[0,0,0,0,0],"b":[0,0,0,0,0],"l":[0,0,0,0,0],"r":[0,0,0,0,0]},"m":{"t":[0,0,0,0,0],"b":[0,0,0,0,0],"l":[0,0,0,0,0],"r":[0,0,0,0,0]},"radius":{"t":"10px","r":"10px","b":"10px","l":"10px"},"mod":{"s":{"u":true,"x":0,"y":"2","s":0,"e":"power3.out","ut":false,"rX":0,"rY":0,"rZ":0,"sc":1},"m":{"u":true,"x":"2","y":0,"s":3,"e":"power3.out","o":"c"},"mask":false},"type":"shape"},"17":{"rTo":"slide","id":17,"alias":"Slide BG Layer","subtype":"slidebg","size":{"cMode":"cover"},"pos":{"h":["center","center","center","center","center"],"v":["center","center","center","center","center"],"pos":"absolute"},"zIndex":0,"order":0,"display":["block","block","block","block","block"],"bg":{"color":{"type":"solid","orig":"#ededed","string":"rgba(237, 237, 237, 1)"}},"tl":{"in":{"bg":{"ms":1000,"rnd":false,"temp":{"t":"*opacity* Fade In","p":"fade","m":"basic","g":"fade"},"addOns":[],"in":{"o":0},"out":{"a":false}}}},"type":"shape"}}},"1979":{"id":"1979","slide":{"addOns":[],"id":1979,"version":"6.7.18","title":"Global Layers","parentId":null,"language":"default","oflow":false,"global":true,"respVP":true,"pos":"front","fullHeight":true},"layers":{"20":{"rTo":"slide","fluid":{"sp":true},"id":20,"alias":"Arrows","subtype":"group","size":{"w":["45%","45%","45%","85%","85%"],"h":["auto","auto","auto","auto","auto"],"minW":["none","none","none","none","none"],"minH":["none","none","none","none","none"]},"pos":{"x":["300px","300px","250px","auto","auto"],"y":["10px","10px","10px","10px","10px"],"h":["center","center","center","center","center"],"v":["bottom","bottom","bottom","bottom","bottom"],"pos":"absolute","float":["none","none","none","none","none"],"clear":["none","none","none","none","none"]},"pE":"none","zIndex":7,"order":7,"display":["block","block","block","block","block"],"vA":"top","bg":{"color":{"orig":"transparent","type":"solid","string":"transparent"}},"attr":{"aO":"ml","tO":"ml"},"tl":{"in":{"content":{"pers":"600px","orig":{"x":"50%","y":"50%","z":"0"},"all":[{"t":0,"d":0,"f":0,"e":"power3.inOut","pE":"d","x":[0,0,0,0,0],"y":[0,0,0,0,0],"o":1,"xRe":0,"yRe":0,"off":0},{"t":0,"d":300,"f":300,"e":"power3.inOut","pE":"d","x":[0,0,0,0,0],"y":[0,0,0,0,0],"o":1,"xRe":0,"yRe":0,"off":0}]}},"out":{"content":{"pers":"600px","orig":{"x":"50%","y":"50%","z":"0"},"all":[{"t":0,"d":300,"f":300,"e":"power3.inOut","pE":"n","x":["inherit","inherit","inherit","inherit","inherit"],"y":["inherit","inherit","inherit","inherit","inherit"],"o":0,"xRe":0,"yRe":0,"off":0}]}}},"vis":[true,true,true,true,false],"viSH":false,"viOC":false,"sStart":1,"sEnd":"last","p":{"t":[0,0,0,0,0],"b":[0,0,0,0,0],"l":[0,0,0,0,0],"r":[0,0,0,0,0]},"m":{"t":[0,0,0,0,0],"b":[0,0,0,0,0],"l":[0,0,0,0,0],"r":[0,0,0,0,0]},"tA":["right","right","right","right","right"],"lh":[25,25,25,25,25],"type":"container"}}}},"id":"593","addOns":{"mousetrap":"revslider-mousetrap-addon\/public\/js\/mousetrap.js","particlewave":"revslider-particlewave-addon\/public\/js\/particlewave.js","pwURL":".\/revslider-particlewave-addon\/"}}
